,title
0,All Too Well (The Short Film) | Official Trailer
1,Taylor Swift - willow (moonlit witch version) - [yule log]
2,Taylor Swift - willow (lonely witch version) - [yule log]
3,Taylor Swift - willow (dancing witch version) - [yule log]
4,Taylor Swift - willow - [yule log]
5,Taylor Swift - willow (moonlit witch version)
6,Taylor Swift - willow (dancing witch version) - storyboards from the willow music video
7,Taylor Swift - willow (lonely witch version) - music video behind the scenes
8,Taylor Swift - willow - dancing witch version (Elvira remix)
9,Taylor Swift – folklore: the long pond studio sessions | Official Trailer | Disney+
10,Taylor Swift - The Man (Behind The Scenes: The Umpire)
11,Miss Americana | Official Trailer
12,Taylor Swift - The Making Of Christmas Tree Farm
13,How To Be A Cat
14,Taylor Swift - Lover (First Dance Remix)
15,Taylor Swift - Lover Remix Feat. Shawn Mendes (Lyric Video)
16,Lover Album Photoshoot: Behind The Scenes
17,"Taylor’s Diary -  Discusses Getting Her First Cat Meredith Grey, Tour and Middle School"
18,Taylor Swift Answers Questions From Fans From Lover’s Lounge Live
19,Taylor’s Diary - My 13 Year Old Self (Exclusive Reading from Deluxe Edition Lover Album)
20,Taylor Swift - The Archer First Ever Live Performance
21,Taylor Swift - Lover's Lounge (Live)
22,Taylor Swift - Livestream Announcement (8/22/19 @ 5pm EST)
23,You Need To Calm Down Behind The Scenes: Friends & Neighbors
24,You Need To Calm Down Behind The Scenes: Morning Routine
25,You Need To Calm Down Behind The Scenes: Pop Queen Pageant
26,Taylor Swift - ME! (Live on The Graham Norton Show)
27,ME! Behind The Scenes: Je Suis Calme
28,ME! Behind The Scenes: The Story of Benjamin Button
29,Taylor Swift reputation Stadium Tour | Official Trailer | Netflix
30,Taylor Swift and Robbie Williams - Angels - reputation Stadium Tour
31,Taylor Swift reputation Stadium Tour - Official Merch
32,Taylor Swift reputation Stadium Tour // Trailer 2
33,Delicate Music Video Dance Rehearsal Part 2
34,Delicate Music Video Dance Rehearsal Part 1
35,End Game - Behind The Scenes
36,Taylor Swift's reputation Stadium Tour - Trailer
37,Taylor Swift - …Ready for It? (BloodPop® Remix) (Audio)
38,The Making of a Song: “Delicate” – watch more on Taylor Swift NOW
39,The reputation Secret Sessions
40,...Ready For It? Trailer
41,Look What You Made Me Do - Looks
42,Look What You Made Me Do - Stream Co.
43,Taylor Swift Live Stream
44,Look What You Made Me Do - The Birdcage
45,Look What You Made Me Do - Zombie Transformation
46,Look What You Made Me Do: Taylor Mountain
47,Taylor Swift - ...Ready For It? (Audio)
48,"Official ""Look What You Made Me Do"" Video Teaser Clip"
49,"Rehearsing ""I Don't Wanna Live Forever (Fifty Shades Darker)"" for DIRECTV NOW Super Saturday Night"
50,"First time hearing ""I Don't Wanna Live Forever (Fifty Shades Darker)"" on the radio"
51,"Taylor performs ""Blank Space"" at The GRAMMY Museum"
52,"Taylor Performs ""Wildest Dreams"" at The GRAMMY Museum"
53,#STYLEmemories One
54,#STYLEmemories Two
55,Taylor Swift's Gift Giving of 2014 | SWIFTMAS
56,"Behind The Fragrance, Taylor Swift Incredible Things featuring Taylor Swift (Behind The Scenes)"
57,Taylor Swift's The 1989 World Tour
58,"Preview ""Welcome To New York"" by Taylor Swift"
59,"Taylor Swift talks about ""Welcome to New York"""
60,"1989 Secret Sessions, Behind The Scenes!"
61,"Taylor Swift Talks About ""Out Of The Woods"""
62,Taylor Swift Ice Bucket Challenge with Jamie King
63,Taylor Swift's Worldwide Live Stream on Yahoo - Highlights
64,Surprising Gena
65,Taylor Swift RED Tour Asia announcement
66,Taylor Swift Fragrances Made Of Starlight Musical Edition
67,Taylor Swift RED Tour Nashville Week
68,Taylor Swift RED Tour London announcement
69,Taylor Swift and Jennifer Lopez: Jenny from the Block
70,Behind the scenes of Taylor Swift's week at Staples Center
71,Taylor Swift on Style: Outtakes
72,Taylor Swift on Style: Part 4
73,Taylor Swift on Style: Part 3
74,"Q&A with Taylor on Taylor By Taylor Swift, the fragrance"
75,#HiFromTaylor Teaser
76,Taylor Swift and Carly Simon: You're So Vain
77,Welcome to the Official Taylor Swift YouTube Channel!
78,Taylor by Taylor Swift Fragrance Video Part 1
79,Taylor By Taylor Swift commercial: sneak peek
80,Britain's Got Talent performance: Everything Has Changed
81,Taylor Swift - Billboard Milestone Award
82,The RED Tour Australia/New Zealand Announcement!
83,Vote Taylor Swift ACM Entertainer of the Year: VoteACM.com
84,"""Red"" Guitar Solo from RED Tour Opening Night"
85,"""Holy Ground"" Live on the RED Tour!"
86,"""Sparks Fly"" (acoustic) Live on the RED Tour!"
87,What Fans Can Expect on the RED Tour
88,"""I Knew You Were Trouble."" Behind-The-Scenes #1"
89,"""I Knew You Were Trouble."" Behind-The-Scenes #3"
90,"""I Knew You Were Trouble."" Behind-The-Scenes #2"
91,Some extraordinary news...
92,Taylor Swift - Acoustic Performances from RED Album
93,VH1 StoryTellers - Taylor Swift - Nov 11 @ 11/10c
94,"""Starlight"" Song Preview from RED - Now Available"
95,"""Everything Has Changed"" Song Preview from RED - Now Available"
96,"""The Lucky One"" Song Preview from RED - Now Available"
97,"""Sad Beautiful Tragic"" Song Preview from RED - Now Available"
98,"""Holy Ground"" Song Preview from RED - Now Available"
99,Taylor Swift's RED Tour Announcement!
100,"""Stay Stay Stay"" Song Preview from RED - Now Available"
101,"""The Last Time"" Song Preview from RED - Now Available"
102,"""I Almost Do"" Song Preview from RED - Now Available"
103,"""22"" Song Preview from RED - Now Available"
104,"""All Too Well"" Song Preview from RED - Now Available"
105,"""Treacherous"" Song Preview from RED - Now Available"
106,Wonderstruck Enchanted Taylor Swift Chapter 3
107,Win A Taylor Swift Performance on Your Campus!
108,Taylor Swift Web Chat and G+ Hangout
109,Taylor Swift Live Webcast on YouTube - 8/13 @ 7pm ET
110,Taylor Swift Billboard Woman of the Year
111,Wonderstruck Taylor Swift Chapter 2
112,My new favorite thing ... thank you!
113,Meredith learns about ACM voting...
114,"""Ours"" Behind-the-Scenes - The Office"
115,"""Ours"" Behind-the-Scenes - That's a Wrap"
116,"""Ours"" Behind-the-Scenes - Working with Taylor"
117,"""Ours"" Behind-the-Scenes - Message of Ours"
118,"""Ours"" Behind-the-Scenes - The Inspiration"
119,"""Ours"" Behind-the-Scenes - Director Casting"
120,"""Ours"" Behind-the-Scenes - Home Movies"
121,"""Ours"" Behind-the-Scenes - Taylor's Look"
122,"""Ours"" Behind-the-Scenes - Locations"
123,"""Ours"" Behind-the-Scenes - Zach"
124,"""Ours"" Behind-the-Scenes - ""The Story of the Video"""
125,"""Ours"" Behind-the-Scenes - The Director"
126,"""Ours"" Behind-the-Scenes - We're Making a Video"
127,Speak Now World Tour Live CD/DVD - Available Now!
128,"Taylor Talks Hugging Fans - 60 Minutes, Sunday Nov 21 @ 7/6c CBS"
129,Meow.
130,Taylor Swift on 60 Minutes - Nov 20 @ 7/6c CBS
131,Taylor Swift WONDERSTRUCK In-Store Appearances
132,Wonderstruck Taylor Swift Chapter 1
133,Taylor Swift WONDERSTRUCK Teaser
134,Speak Now World Tour Live CD+DVD
135,Taylor Swift's Wonderstruck Fragrance
136,YouTube Presents Taylor Swift
137,YouTube Presents Taylor Swift Q&A
138,Thank you.
139,Asia! (my February video blog)
140,"Taylor Swift Speak Now Fan Video : Stockhold, Sweden"
141,"Taylor Swift Speak Now Fan Video : Ajalvir (Madrid), Spain"
142,"Taylor Swift Speak Now Fan Video : San Diego, CA"
143,"Taylor Swift Speak Now Fan Video : Omaha, NE"
144,"Taylor Swift Speak Now Fan Video : Hampton, NJ"
145,"Taylor Swift Speak Now Fan Video : Nashville, TN"
146,"Taylor Swift Speak Now Fan Video : Minneapolis, MN"
147,"Taylor Swift Speak Now Fan Video : Chicago, IL"
148,"Taylor Swift Speak Now Fan Video : Oranga, NSW, Australia"
149,Taylor Swift Speak Now Fan Videos : Shot on a Bloggie
150,Taylor Swift CoverGirl NatureLuxe
151,Speak Now Deluxe Edition - Only at Target
152,Taylor Swift's 'Journey to Fearless' on The Hub
153,A Hug From Taylor Swift - The Final Challenge
154,Demonstrating my fine athletic skills. And more.
155,Taylor Swift Sony TX7 Cyber-shot Camera Commercial
156,A Hug From Taylor Swift - Challenge #3
157,Vote Taylor: ACM Entertainer of the Year
158,A Hug From Taylor Swift - Challenge #2
159,A Hug From Taylor Swift - Challenge #1
160,New conference table.
161,Fairytale Adventures in Australia and Japan.
162,Behind-the-scenes in BAND HERO with Taylor!
163,Taylor Swift In Band Hero
164,Watching the CMA Announcements!
165,Your world is my world.
166,Surprise! Taylor Wins 2 Teen Choice Awards!
167,"Whisper hello, I miss you quite terribly."
168,Being on tour. Everyone ignores me.
169,FEARLESS Tour 2009
170,Thanksgiving break and The Academy Is...
171,I hope it's gonna make you notice.
172,1 with a bullet.
173,Retainers.
174,November 11th.
175,You change your mind like a girl changes clothes.
176,Rascal Flatt's tour and Grey's Anatomy
177,Philadelphia :)
178,London!!!
179,Behind The Scenes @ CMA Music Festival
180,"Taylor And ""Friends"""
181,MySpace Presents: The Fit Featuring Taylor Swift
182,Instructional Video
183,My band has bad private plane manners.
184,First fans with my CMT Award.
185,TRL Recap!
186,Wannabe
187,:-)
188,Should've Said No
189,Kanye West - 24 (Official Video)
190,Kanye West - Come to Life (Official Video)
191,Kanye West – Wash Us In The Blood feat. Travis Scott (Official Video)
192,Kanye West - Closed On Sunday (Official Video)
193,Jesus is King - A Kanye West Film (Out Now) - Only in IMAX
194,"Kanye West - ""Follow God"" (Official Lyric Video)"
195,JESUS IS KING - The Album and Film (2 Days)
196,Jesus is King - A Kanye West Film (Trailer) - Only in IMAX
197,kanye west / charlamagne interview
198,kanye west / t.i.
199,Billie Eilish - The 30th (Official Lyric Video)
200,Billie Eilish - TV (Official Lyric Video)
201,Billie Eilish - NDA (Live at Coachella 2022)
202,"Billie Eilish - Happier Than Ever, The World Tour (Road to Opening Night)"
203,Billie Eilish - Billie Bossa Nova (Acoustic)
204,Billie Eilish - Happier Than Ever (Track By Track)
205,Billie Eilish - Happier Than Ever (Jimmy Kimmel Live 2021)
206,Billie Eilish - No Time To Die (Live From Life Is Beautiful 2021)
207,Happier Than Ever: A Love Letter To Los Angeles - Official Trailer | Billie Eilish on Disney+
208,Billie Eilish - Happier Than Ever in Spatial Audio on Apple Music
209,Billie Eilish - Happier Than Ever (Making Of The Video)
210,Billie Eilish - my future (Prime Day Show x Billie Eilish)
211,"Happier Than Ever, The World Tour"
212,Happier Than Ever
213,"Billie Eilish: ""The World’s A Little Blurry"" - Live Premiere Event"
214,Billie Eilish: The World’s A Little Blurry — Official Trailer #2 | Apple TV+
215,Billie Eilish: The World’s A Little Blurry - Official Trailer | Apple TV+
216,Billie Eilish: The World’s A Little Blurry – A Documentary Film
217,REGISTER TO VOTE
218,Billie Eilish - NOT MY RESPONSIBILITY - a short film
219,Billie Eilish - when the party’s over (Live at Coachella 2019)
220,Billie Eilish - come out and play (LIVE FROM THE STEVE JOBS THEATER)
221,Billie Eilish - listen before i go (LIVE FROM THE STEVE JOBS THEATER)
222,Billie Eilish - everything i wanted (LIVE FROM MEXICO CITY)
223,Our House Is On Fire
224,WHERE DO WE GO? WORLD TOUR
225,Billie Eilish - bad guy (Vertical Video)
226,Billie Eilish - bad guy (with Justin Bieber) [Audio]
227,Billie Eilish - A Snippet into Billie's Mind (Artist Spotlight Stories)
228,A Snippet into Billie's Mind - xanny
229,"WHEN WE ALL FALL ASLEEP, WHERE DO WE GO?"
230,A Snippet into Billie's Mind - wish you were gay
231,A Snippet into Billie’s Mind - bury a friend
232,"WHEN WE ALL FALL ASLEEP, TOUR - Verified Fan Ticket Instructions"
233,hahahahaha
234,Billie Eilish - COPYCAT (Summer Festival Recap)
235,Billie Eilish - Lollapalooza 2018
236,Billie Eilish - you should see me in a crown (Vertical Video)
237,"""1 BY 1"" TOUR"
238,Billie Eilish – Documentary | Up Next
239,Billie Eilish - lovely (with Khalid) Audio
240,Billie Eilish - WHERES MY MIND TOUR | by Gibson Hazard
241,Billie Eilish - Watch (Acoustic) | Up Next
242,Billie Eilish - dont smile at me
243,Billie Eilish - Six Feet Under
244,Billie Eilish - Ocean Eyes (Official Music Video)
245,Billie Eilish - Ocean Eyes (Official Audio) - Lyrics In Description
246,Billie Eilish and Simone Midby do Aerial Silks at Foshay performance
247,Olivia Rodrigo - Experience Olivia Rodrigo Like Never Before In Dolby Atmos
248,Olivia Rodrigo – traitor (live from SOUR prom)
249,"Olivia Rodrigo – jealousy, jealousy (live from SOUR prom)"
250,Olivia Rodrigo - happier/deja vu mashup (live from SOUR prom)
251,Olivia Rodrigo – good 4 u (live from SOUR prom)
252,Olivia Rodrigo – enough for you (live from SOUR prom)
253,Olivia Rodrigo – drivers license (live from SOUR prom)
254,Olivia Rodrigo – brutal (live from SOUR prom)
255,Olivia Rodrigo - SOUR Album Trailer
256,Olivia Rodrigo - Get To Know Me
257,Olivia Rodrigo - Top 18 Songs For My 18th Birthday
258,Harry Styles – Late Night Talking (coming soon)
259,Harry Styles - Zane Lowe & Apple Music ‘Harry’s House’ Interview
260,Harry Styles - Harry’s House Vinyl Unboxing. Out May 20.
261,Harry Styles - As It Was (Live From Coachella)
262,Harry Styles - As It Was (coming soon)
263,Harry Styles - Harry’s House (coming soon)
264,Harry Styles - Golden (Official Video Teaser)
265,Harry Styles – Watermelon Sugar (Lost Tour Visual)
266,Harry Styles - Watermelon Sugar (Official Video Teaser)
267,Harry Styles - Fine Line Out December 13
268,Harry Styles - ‘Adore You’ Official Video Trailer (Eroda)
269,Harry Styles – Zane Lowe ‘Fine Line’ Interview
270,Harry Styles - LOVE ON TOUR 2020
